{"cameraMode":{"drawMode":0,"name":"Shaded","section":"Shading Mode"},"sceneLighting":true,"audioPlay":false,"sceneViewState":{"showFog":false,"showMaterialUpdate":false,"showSkybox":false,"showFlares":false,"showImageEffects":false,"showParticleSystems":true},"in2DMode":false,"pivot":{"x":-0.5918807983398438,"y":-3.290526866912842,"z":6.9626617431640629},"rotation":{"x":0.16090300679206849,"y":-0.09164872765541077,"z":0.0150078684091568,"w":0.9825912714004517},"size":29.808841705322267,"orthographic":false}